PRODUCTO1;765;PRODUCTO1.jpg
PRODUCTO2;391;PRODUCTO2.jpg
PRODUCTO3;198;PRODUCTO3.jpg
PRODUCTO4;574;PRODUCTO4.jpg
PRODUCTO5;899;PRODUCTO5.jpg
PRODUCTO6;126;PRODUCTO6.jpg
PRODUCTO7;652;PRODUCTO7.jpg
PRODUCTO8;733;PRODUCTO8.jpg
PRODUCTO9;666;PRODUCTO9.jpg
PRODUCTO10;948;PRODUCTO10.jpg
PRODUCTO11;219;PRODUCTO11.jpg;true
PRODUCTO12;143;PRODUCTO12.jpg
PRODUCTO13;938;PRODUCTO13.jpg
PRODUCTO14;600;PRODUCTO14.jpg
PRODUCTO15;714;PRODUCTO15.jpg
PRODUCTO16;794;PRODUCTO16.jpg
PRODUCTO17;97;PRODUCTO17.jpg
PRODUCTO18;78;PRODUCTO18.jpg
PRODUCTO19;593;PRODUCTO19.jpg
PRODUCTO20;635;PRODUCTO20.jpg
PRODUCTO21;329;PRODUCTO21.jpg
PRODUCTO22;901;PRODUCTO22.jpg;true
PRODUCTO23;465;PRODUCTO23.jpg
PRODUCTO24;566;PRODUCTO24.jpg
PRODUCTO25;42;PRODUCTO25.jpg
PRODUCTO26;773;PRODUCTO26.jpg
PRODUCTO27;832;PRODUCTO27.jpg
PRODUCTO28;65;PRODUCTO28.jpg
PRODUCTO29;124;PRODUCTO29.jpg
PRODUCTO30;539;PRODUCTO30.jpg
PRODUCTO31;598;PRODUCTO31.jpg
PRODUCTO32;891;PRODUCTO32.jpg
PRODUCTO33;474;PRODUCTO33.jpg;true
PRODUCTO34;398;PRODUCTO34.jpg
PRODUCTO35;832;PRODUCTO35.jpg
PRODUCTO36;891;PRODUCTO36.jpg
PRODUCTO37;499;PRODUCTO37.jpg
PRODUCTO38;645;PRODUCTO38.jpg
PRODUCTO39;607;PRODUCTO39.jpg
PRODUCTO40;483;PRODUCTO40.jpg
PRODUCTO41;94;PRODUCTO41.jpg
PRODUCTO42;454;PRODUCTO42.jpg
PRODUCTO43;245;PRODUCTO43.jpg
PRODUCTO44;242;PRODUCTO44.jpg;true
PRODUCTO45;801;PRODUCTO45.jpg
PRODUCTO46;186;PRODUCTO46.jpg
PRODUCTO47;978;PRODUCTO47.jpg
PRODUCTO48;120;PRODUCTO48.jpg
PRODUCTO49;452;PRODUCTO49.jpg
PRODUCTO50;758;PRODUCTO50.jpg
PRODUCTO51;735;PRODUCTO51.jpg
PRODUCTO52;753;PRODUCTO52.jpg
PRODUCTO53;379;PRODUCTO53.jpg
PRODUCTO54;246;PRODUCTO54.jpg
PRODUCTO55;98;PRODUCTO55.jpg;true
PRODUCTO56;949;PRODUCTO56.jpg
PRODUCTO57;312;PRODUCTO57.jpg
PRODUCTO58;337;PRODUCTO58.jpg
PRODUCTO59;724;PRODUCTO59.jpg
PRODUCTO60;937;PRODUCTO60.jpg
PRODUCTO61;127;PRODUCTO61.jpg
PRODUCTO62;903;PRODUCTO62.jpg
PRODUCTO63;894;PRODUCTO63.jpg
PRODUCTO64;390;PRODUCTO64.jpg
PRODUCTO65;681;PRODUCTO65.jpg
PRODUCTO66;53;PRODUCTO66.jpg;true
PRODUCTO67;666;PRODUCTO67.jpg
PRODUCTO68;293;PRODUCTO68.jpg
PRODUCTO69;701;PRODUCTO69.jpg
PRODUCTO70;787;PRODUCTO70.jpg
PRODUCTO71;191;PRODUCTO71.jpg
PRODUCTO72;428;PRODUCTO72.jpg
PRODUCTO73;458;PRODUCTO73.jpg
PRODUCTO74;675;PRODUCTO74.jpg
PRODUCTO75;532;PRODUCTO75.jpg
PRODUCTO76;643;PRODUCTO76.jpg
PRODUCTO77;284;PRODUCTO77.jpg;true
PRODUCTO78;666;PRODUCTO78.jpg
PRODUCTO79;91;PRODUCTO79.jpg
PRODUCTO80;779;PRODUCTO80.jpg
PRODUCTO81;215;PRODUCTO81.jpg
PRODUCTO82;486;PRODUCTO82.jpg
PRODUCTO83;768;PRODUCTO83.jpg
PRODUCTO84;27;PRODUCTO84.jpg
PRODUCTO85;828;PRODUCTO85.jpg
PRODUCTO86;233;PRODUCTO86.jpg
PRODUCTO87;545;PRODUCTO87.jpg
PRODUCTO88;51;PRODUCTO88.jpg;true
PRODUCTO89;805;PRODUCTO89.jpg
PRODUCTO90;315;PRODUCTO90.jpg
PRODUCTO91;157;PRODUCTO91.jpg
PRODUCTO92;624;PRODUCTO92.jpg
PRODUCTO93;186;PRODUCTO93.jpg
PRODUCTO94;320;PRODUCTO94.jpg
PRODUCTO95;891;PRODUCTO95.jpg
PRODUCTO96;841;PRODUCTO96.jpg
PRODUCTO97;415;PRODUCTO97.jpg
PRODUCTO98;174;PRODUCTO98.jpg
PRODUCTO99;39;PRODUCTO99.jpg;true
PRODUCTO100;552;PRODUCTO100.jpg
PRODUCTO101;494;PRODUCTO101.jpg
PRODUCTO102;696;PRODUCTO102.jpg
PRODUCTO103;292;PRODUCTO103.jpg
PRODUCTO104;855;PRODUCTO104.jpg
PRODUCTO105;394;PRODUCTO105.jpg
PRODUCTO106;731;PRODUCTO106.jpg
PRODUCTO107;120;PRODUCTO107.jpg
PRODUCTO108;43;PRODUCTO108.jpg
PRODUCTO109;933;PRODUCTO109.jpg
PRODUCTO110;184;PRODUCTO110.jpg
PRODUCTO111;265;PRODUCTO111.jpg;true
PRODUCTO112;505;PRODUCTO112.jpg
PRODUCTO113;232;PRODUCTO113.jpg
PRODUCTO114;477;PRODUCTO114.jpg
PRODUCTO115;727;PRODUCTO115.jpg
PRODUCTO116;587;PRODUCTO116.jpg
PRODUCTO117;474;PRODUCTO117.jpg
PRODUCTO118;792;PRODUCTO118.jpg
PRODUCTO119;520;PRODUCTO119.jpg
PRODUCTO120;991;PRODUCTO120.jpg
PRODUCTO121;644;PRODUCTO121.jpg
PRODUCTO122;63;PRODUCTO122.jpg;true
PRODUCTO123;846;PRODUCTO123.jpg
PRODUCTO124;238;PRODUCTO124.jpg
PRODUCTO125;29;PRODUCTO125.jpg
PRODUCTO126;222;PRODUCTO126.jpg
PRODUCTO127;153;PRODUCTO127.jpg
PRODUCTO128;648;PRODUCTO128.jpg
PRODUCTO129;175;PRODUCTO129.jpg
PRODUCTO130;256;PRODUCTO130.jpg
PRODUCTO131;832;PRODUCTO131.jpg
PRODUCTO132;789;PRODUCTO132.jpg
PRODUCTO133;420;PRODUCTO133.jpg;true
PRODUCTO134;876;PRODUCTO134.jpg
PRODUCTO135;388;PRODUCTO135.jpg
PRODUCTO136;596;PRODUCTO136.jpg
PRODUCTO137;761;PRODUCTO137.jpg
PRODUCTO138;94;PRODUCTO138.jpg
PRODUCTO139;499;PRODUCTO139.jpg
PRODUCTO140;625;PRODUCTO140.jpg
PRODUCTO141;825;PRODUCTO141.jpg
PRODUCTO142;362;PRODUCTO142.jpg
PRODUCTO143;27;PRODUCTO143.jpg
PRODUCTO144;472;PRODUCTO144.jpg;true
PRODUCTO145;874;PRODUCTO145.jpg
PRODUCTO146;935;PRODUCTO146.jpg
PRODUCTO147;669;PRODUCTO147.jpg
PRODUCTO148;999;PRODUCTO148.jpg
PRODUCTO149;341;PRODUCTO149.jpg
PRODUCTO150;668;PRODUCTO150.jpg
PRODUCTO151;831;PRODUCTO151.jpg
PRODUCTO152;354;PRODUCTO152.jpg
PRODUCTO153;138;PRODUCTO153.jpg
PRODUCTO154;707;PRODUCTO154.jpg
PRODUCTO155;775;PRODUCTO155.jpg;true
PRODUCTO156;368;PRODUCTO156.jpg
PRODUCTO157;729;PRODUCTO157.jpg
PRODUCTO158;588;PRODUCTO158.jpg
PRODUCTO159;577;PRODUCTO159.jpg
PRODUCTO160;297;PRODUCTO160.jpg
PRODUCTO161;681;PRODUCTO161.jpg
PRODUCTO162;490;PRODUCTO162.jpg
PRODUCTO163;996;PRODUCTO163.jpg
PRODUCTO164;292;PRODUCTO164.jpg
PRODUCTO165;817;PRODUCTO165.jpg
PRODUCTO166;609;PRODUCTO166.jpg;true
PRODUCTO167;937;PRODUCTO167.jpg
PRODUCTO168;334;PRODUCTO168.jpg
PRODUCTO169;138;PRODUCTO169.jpg
PRODUCTO170;947;PRODUCTO170.jpg
PRODUCTO171;722;PRODUCTO171.jpg
PRODUCTO172;420;PRODUCTO172.jpg
PRODUCTO173;964;PRODUCTO173.jpg
PRODUCTO174;470;PRODUCTO174.jpg
PRODUCTO175;826;PRODUCTO175.jpg
PRODUCTO176;507;PRODUCTO176.jpg
PRODUCTO177;585;PRODUCTO177.jpg;true
PRODUCTO178;727;PRODUCTO178.jpg
PRODUCTO179;843;PRODUCTO179.jpg
PRODUCTO180;952;PRODUCTO180.jpg
PRODUCTO181;366;PRODUCTO181.jpg
PRODUCTO182;252;PRODUCTO182.jpg
PRODUCTO183;325;PRODUCTO183.jpg
PRODUCTO184;157;PRODUCTO184.jpg
PRODUCTO185;913;PRODUCTO185.jpg
PRODUCTO186;28;PRODUCTO186.jpg
PRODUCTO187;384;PRODUCTO187.jpg
PRODUCTO188;917;PRODUCTO188.jpg;true
PRODUCTO189;470;PRODUCTO189.jpg
PRODUCTO190;817;PRODUCTO190.jpg
PRODUCTO191;409;PRODUCTO191.jpg
PRODUCTO192;589;PRODUCTO192.jpg
PRODUCTO193;932;PRODUCTO193.jpg
PRODUCTO194;516;PRODUCTO194.jpg
PRODUCTO195;358;PRODUCTO195.jpg
PRODUCTO196;551;PRODUCTO196.jpg
PRODUCTO197;288;PRODUCTO197.jpg
PRODUCTO198;511;PRODUCTO198.jpg
PRODUCTO199;379;PRODUCTO199.jpg;true
PRODUCTO200;330;PRODUCTO200.jpg
PRODUCTO201;628;PRODUCTO201.jpg
PRODUCTO202;622;PRODUCTO202.jpg
PRODUCTO203;641;PRODUCTO203.jpg
PRODUCTO204;955;PRODUCTO204.jpg
PRODUCTO205;491;PRODUCTO205.jpg
PRODUCTO206;469;PRODUCTO206.jpg
PRODUCTO207;684;PRODUCTO207.jpg
PRODUCTO208;793;PRODUCTO208.jpg
PRODUCTO209;145;PRODUCTO209.jpg
PRODUCTO210;925;PRODUCTO210.jpg
PRODUCTO211;157;PRODUCTO211.jpg;true
PRODUCTO212;684;PRODUCTO212.jpg
PRODUCTO213;643;PRODUCTO213.jpg
PRODUCTO214;927;PRODUCTO214.jpg
PRODUCTO215;511;PRODUCTO215.jpg
PRODUCTO216;94;PRODUCTO216.jpg
PRODUCTO217;774;PRODUCTO217.jpg
PRODUCTO218;682;PRODUCTO218.jpg
PRODUCTO219;495;PRODUCTO219.jpg
PRODUCTO220;861;PRODUCTO220.jpg
PRODUCTO221;73;PRODUCTO221.jpg
PRODUCTO222;959;PRODUCTO222.jpg;true
PRODUCTO223;56;PRODUCTO223.jpg
PRODUCTO224;117;PRODUCTO224.jpg
PRODUCTO225;841;PRODUCTO225.jpg
PRODUCTO226;252;PRODUCTO226.jpg
PRODUCTO227;629;PRODUCTO227.jpg
PRODUCTO228;697;PRODUCTO228.jpg
PRODUCTO229;224;PRODUCTO229.jpg
PRODUCTO230;918;PRODUCTO230.jpg
PRODUCTO231;817;PRODUCTO231.jpg
PRODUCTO232;456;PRODUCTO232.jpg
PRODUCTO233;461;PRODUCTO233.jpg;true
PRODUCTO234;288;PRODUCTO234.jpg
PRODUCTO235;321;PRODUCTO235.jpg
PRODUCTO236;289;PRODUCTO236.jpg
PRODUCTO237;195;PRODUCTO237.jpg
PRODUCTO238;744;PRODUCTO238.jpg
PRODUCTO239;181;PRODUCTO239.jpg
PRODUCTO240;997;PRODUCTO240.jpg
PRODUCTO241;572;PRODUCTO241.jpg
PRODUCTO242;133;PRODUCTO242.jpg
PRODUCTO243;634;PRODUCTO243.jpg
PRODUCTO244;54;PRODUCTO244.jpg;true
PRODUCTO245;487;PRODUCTO245.jpg
PRODUCTO246;966;PRODUCTO246.jpg
PRODUCTO247;289;PRODUCTO247.jpg
PRODUCTO248;779;PRODUCTO248.jpg
PRODUCTO249;156;PRODUCTO249.jpg
PRODUCTO250;816;PRODUCTO250.jpg
PRODUCTO251;465;PRODUCTO251.jpg
PRODUCTO252;337;PRODUCTO252.jpg
PRODUCTO253;888;PRODUCTO253.jpg
PRODUCTO254;887;PRODUCTO254.jpg
PRODUCTO255;299;PRODUCTO255.jpg;true
PRODUCTO256;353;PRODUCTO256.jpg
PRODUCTO257;962;PRODUCTO257.jpg
PRODUCTO258;414;PRODUCTO258.jpg
PRODUCTO259;789;PRODUCTO259.jpg
PRODUCTO260;184;PRODUCTO260.jpg
PRODUCTO261;988;PRODUCTO261.jpg
PRODUCTO262;417;PRODUCTO262.jpg
PRODUCTO263;991;PRODUCTO263.jpg
PRODUCTO264;524;PRODUCTO264.jpg
PRODUCTO265;747;PRODUCTO265.jpg
PRODUCTO266;145;PRODUCTO266.jpg;true
PRODUCTO267;18;PRODUCTO267.jpg
PRODUCTO268;662;PRODUCTO268.jpg
PRODUCTO269;723;PRODUCTO269.jpg
PRODUCTO270;539;PRODUCTO270.jpg
PRODUCTO271;436;PRODUCTO271.jpg
PRODUCTO272;573;PRODUCTO272.jpg
PRODUCTO273;659;PRODUCTO273.jpg
PRODUCTO274;881;PRODUCTO274.jpg
PRODUCTO275;35;PRODUCTO275.jpg
PRODUCTO276;29;PRODUCTO276.jpg
PRODUCTO277;183;PRODUCTO277.jpg;true
PRODUCTO278;345;PRODUCTO278.jpg
PRODUCTO279;995;PRODUCTO279.jpg
PRODUCTO280;591;PRODUCTO280.jpg
PRODUCTO281;285;PRODUCTO281.jpg
PRODUCTO282;946;PRODUCTO282.jpg
PRODUCTO283;140;PRODUCTO283.jpg
PRODUCTO284;237;PRODUCTO284.jpg
PRODUCTO285;192;PRODUCTO285.jpg
PRODUCTO286;311;PRODUCTO286.jpg
PRODUCTO287;732;PRODUCTO287.jpg
PRODUCTO288;859;PRODUCTO288.jpg;true
PRODUCTO289;842;PRODUCTO289.jpg
PRODUCTO290;785;PRODUCTO290.jpg
PRODUCTO291;91;PRODUCTO291.jpg
PRODUCTO292;170;PRODUCTO292.jpg
PRODUCTO293;407;PRODUCTO293.jpg
PRODUCTO294;415;PRODUCTO294.jpg
PRODUCTO295;858;PRODUCTO295.jpg
PRODUCTO296;424;PRODUCTO296.jpg
PRODUCTO297;974;PRODUCTO297.jpg
PRODUCTO298;217;PRODUCTO298.jpg
PRODUCTO299;663;PRODUCTO299.jpg;true
PRODUCTO300;519;PRODUCTO300.jpg
PRODUCTO301;607;PRODUCTO301.jpg
PRODUCTO302;438;PRODUCTO302.jpg
PRODUCTO303;293;PRODUCTO303.jpg
PRODUCTO304;535;PRODUCTO304.jpg
PRODUCTO305;883;PRODUCTO305.jpg
PRODUCTO306;521;PRODUCTO306.jpg
PRODUCTO307;932;PRODUCTO307.jpg
PRODUCTO308;713;PRODUCTO308.jpg
PRODUCTO309;473;PRODUCTO309.jpg
PRODUCTO310;542;PRODUCTO310.jpg
PRODUCTO311;288;PRODUCTO311.jpg;true
PRODUCTO312;567;PRODUCTO312.jpg
PRODUCTO313;265;PRODUCTO313.jpg
PRODUCTO314;915;PRODUCTO314.jpg
PRODUCTO315;914;PRODUCTO315.jpg
PRODUCTO316;11;PRODUCTO316.jpg
PRODUCTO317;596;PRODUCTO317.jpg
PRODUCTO318;799;PRODUCTO318.jpg
PRODUCTO319;873;PRODUCTO319.jpg
PRODUCTO320;363;PRODUCTO320.jpg
PRODUCTO321;986;PRODUCTO321.jpg
PRODUCTO322;672;PRODUCTO322.jpg;true
PRODUCTO323;788;PRODUCTO323.jpg
PRODUCTO324;348;PRODUCTO324.jpg
PRODUCTO325;231;PRODUCTO325.jpg
PRODUCTO326;254;PRODUCTO326.jpg
PRODUCTO327;835;PRODUCTO327.jpg
PRODUCTO328;63;PRODUCTO328.jpg
PRODUCTO329;335;PRODUCTO329.jpg
PRODUCTO330;387;PRODUCTO330.jpg
PRODUCTO331;144;PRODUCTO331.jpg
PRODUCTO332;682;PRODUCTO332.jpg
PRODUCTO333;703;PRODUCTO333.jpg;true
PRODUCTO334;994;PRODUCTO334.jpg
PRODUCTO335;480;PRODUCTO335.jpg
PRODUCTO336;878;PRODUCTO336.jpg
PRODUCTO337;684;PRODUCTO337.jpg
PRODUCTO338;44;PRODUCTO338.jpg
PRODUCTO339;791;PRODUCTO339.jpg
PRODUCTO340;687;PRODUCTO340.jpg
PRODUCTO341;429;PRODUCTO341.jpg
PRODUCTO342;866;PRODUCTO342.jpg
PRODUCTO343;389;PRODUCTO343.jpg
PRODUCTO344;123;PRODUCTO344.jpg;true
PRODUCTO345;971;PRODUCTO345.jpg
PRODUCTO346;92;PRODUCTO346.jpg
PRODUCTO347;718;PRODUCTO347.jpg
PRODUCTO348;642;PRODUCTO348.jpg
PRODUCTO349;945;PRODUCTO349.jpg
PRODUCTO350;626;PRODUCTO350.jpg
PRODUCTO351;295;PRODUCTO351.jpg
PRODUCTO352;696;PRODUCTO352.jpg
PRODUCTO353;644;PRODUCTO353.jpg
PRODUCTO354;428;PRODUCTO354.jpg
PRODUCTO355;943;PRODUCTO355.jpg;true
PRODUCTO356;252;PRODUCTO356.jpg
PRODUCTO357;851;PRODUCTO357.jpg
PRODUCTO358;793;PRODUCTO358.jpg
PRODUCTO359;221;PRODUCTO359.jpg
PRODUCTO360;835;PRODUCTO360.jpg
PRODUCTO361;479;PRODUCTO361.jpg
PRODUCTO362;111;PRODUCTO362.jpg
PRODUCTO363;968;PRODUCTO363.jpg
PRODUCTO364;987;PRODUCTO364.jpg
PRODUCTO365;177;PRODUCTO365.jpg
PRODUCTO366;258;PRODUCTO366.jpg;true
PRODUCTO367;831;PRODUCTO367.jpg
PRODUCTO368;992;PRODUCTO368.jpg
PRODUCTO369;994;PRODUCTO369.jpg
PRODUCTO370;615;PRODUCTO370.jpg
PRODUCTO371;416;PRODUCTO371.jpg
PRODUCTO372;883;PRODUCTO372.jpg
PRODUCTO373;482;PRODUCTO373.jpg
PRODUCTO374;541;PRODUCTO374.jpg
PRODUCTO375;757;PRODUCTO375.jpg
PRODUCTO376;947;PRODUCTO376.jpg
PRODUCTO377;458;PRODUCTO377.jpg;true
PRODUCTO378;962;PRODUCTO378.jpg
PRODUCTO379;278;PRODUCTO379.jpg
PRODUCTO380;721;PRODUCTO380.jpg
PRODUCTO381;444;PRODUCTO381.jpg
PRODUCTO382;476;PRODUCTO382.jpg
PRODUCTO383;343;PRODUCTO383.jpg
PRODUCTO384;624;PRODUCTO384.jpg
PRODUCTO385;867;PRODUCTO385.jpg
PRODUCTO386;658;PRODUCTO386.jpg
PRODUCTO387;126;PRODUCTO387.jpg
PRODUCTO388;423;PRODUCTO388.jpg;true
PRODUCTO389;91;PRODUCTO389.jpg
PRODUCTO390;594;PRODUCTO390.jpg
PRODUCTO391;877;PRODUCTO391.jpg
PRODUCTO392;343;PRODUCTO392.jpg
PRODUCTO393;588;PRODUCTO393.jpg
PRODUCTO394;726;PRODUCTO394.jpg
PRODUCTO395;831;PRODUCTO395.jpg
PRODUCTO396;65;PRODUCTO396.jpg
PRODUCTO397;856;PRODUCTO397.jpg
PRODUCTO398;222;PRODUCTO398.jpg
PRODUCTO399;122;PRODUCTO399.jpg;true
PRODUCTO400;633;PRODUCTO400.jpg

